{"cameraMode":{"drawMode":0,"name":"Shaded","section":"Shading Mode"},"sceneLighting":false,"audioPlay":false,"sceneViewState":{"showFog":true,"showMaterialUpdate":true,"showSkybox":true,"showFlares":true,"showImageEffects":true,"showParticleSystems":true},"in2DMode":false,"pivot":{"x":5.960464477539063e-8,"y":0.673494279384613,"z":0.014411568641662598},"rotation":{"x":-0.20744360983371736,"y":0.21342936158180238,"z":-0.046434011310338977,"w":-0.9535507559776306},"size":81.74110412597656,"orthographic":false}