{"cameraMode":{"drawMode":0,"name":"Shaded","section":"Shading Mode"},"sceneLighting":false,"audioPlay":false,"sceneViewState":{"showFog":true,"showMaterialUpdate":true,"showSkybox":true,"showFlares":true,"showImageEffects":true,"showParticleSystems":true},"in2DMode":false,"pivot":{"x":-0.1532273292541504,"y":0.04117560386657715,"z":-0.08512985706329346},"rotation":{"x":-0.12004312127828598,"y":0.3008292019367218,"z":-0.03820296749472618,"w":-0.9453211426734924},"size":13.037117004394532,"orthographic":false}