{"cameraMode":{"drawMode":0,"name":"Shaded","section":"Shading Mode"},"sceneLighting":true,"audioPlay":false,"sceneViewState":{"showFog":true,"showMaterialUpdate":true,"showSkybox":true,"showFlares":true,"showImageEffects":true,"showParticleSystems":true},"in2DMode":false,"pivot":{"x":82.6642074584961,"y":-15.631292343139649,"z":342.0780944824219},"rotation":{"x":0.1849091649055481,"y":0.014441031962633133,"z":-0.0027216693852096798,"w":0.9826457500457764},"size":179.8262176513672,"orthographic":true}