{"cameraMode":{"drawMode":0,"name":"Shaded","section":"Shading Mode"},"sceneLighting":true,"audioPlay":false,"sceneViewState":{"showFog":true,"showMaterialUpdate":true,"showSkybox":true,"showFlares":true,"showImageEffects":true,"showParticleSystems":true},"in2DMode":false,"pivot":{"x":1.590935468673706,"y":2.02480149269104,"z":-1.1444264650344849},"rotation":{"x":0.1759883463382721,"y":-0.5862142443656921,"z":0.13231779634952546,"w":0.7796620726585388},"size":6.645235538482666,"orthographic":true}